Post_ID;Caption_Length;ZCaption_Length;Topic_Prod_Features;Topic_Prod_Features_Positive;Topic_Prod_Features_Negative;Topic_Promo_Deal;Topic_Promo_Deal_Positive;Topic_Promo_Deal_Negative;Topic_Lifestyle_Values;Topic_Lifestyle_Values_Positive;Topic_Lifestyle_Values_Negative;Topic_CTA;Topic_CTA_Positive;Topic_CTA_Negative;Product_Category;Platform;Post_Type;Influencer_Gender;Influencer_Age;Influencer_Tier;Follower_Count_K;Caption_Sentiment;Engagement_Rate;Click_Through;Comment_Count
1;26;-0.6817;0;0;0;1;1;0;0;0;0;1;1;0;2;0;1;1;24.2;1;669.4;5;7.9;1;42
2;29;-0.5492;0;0;0;0;0;0;0;0;0;0;0;0;1;1;1;0;26.0;0;44.8;5;9.55;0;48
3;25;-0.7258;0;0;0;0;0;0;0;0;0;1;1;0;0;1;1;0;18.6;0;45.3;4;10.57;0;95
4;17;-10.792;1;1;0;0;0;0;0;0;0;1;0;0;0;1;1;0;23.0;0;45.9;2;9.14;1;28
5;40;-0.0632;0;0;0;0;0;0;0;0;0;1;1;0;0;0;1;1;31.8;0;19.1;4;6.63;0;10
6;50;0.3785;1;1;0;1;1;0;1;1;0;0;0;0;2;0;1;0;35.1;1;768.5;4;5.22;1;59
7;49;0.3343;0;0;0;0;0;0;1;0;0;1;1;0;1;0;1;0;20.8;1;455.8;4;7.8;1;25
8;57;0.6877;1;1;0;1;1;0;1;1;0;1;1;0;0;1;1;0;24.0;0;13.6;5;12.84;0;177
9;44;0.1135;1;1;0;0;0;0;0;0;0;1;1;0;0;1;1;1;26.9;0;13.3;4;10.25;0;125
10;27;-0.6375;1;1;0;0;0;0;0;0;0;1;1;0;0;1;0;0;28.4;1;519.2;4;9.47;0;56
11;58;0.7319;0;0;0;0;0;0;0;0;0;1;1;0;1;0;1;1;23.0;0;24.3;3;6.02;1;14
12;17;-10.792;1;1;0;1;1;0;1;1;0;0;0;0;2;1;0;0;29.1;0;42.4;5;9.28;1;19
13;22;-0.8584;1;1;0;1;1;0;1;0;0;1;0;0;0;1;0;0;24.6;0;10.4;4;9.12;1;29
14;22;-0.8584;1;1;0;0;0;0;1;1;0;1;1;0;0;0;1;0;26.9;1;503.3;3;9.73;0;71
15;66;10.853;1;1;0;1;1;0;1;1;0;0;0;0;0;0;0;0;29.7;1;622.8;3;2.76;0;36
16;61;0.8644;0;0;0;0;0;0;0;0;0;1;0;1;2;0;0;0;27.0;0;18.0;5;2.89;0;5
17;48;0.2901;0;0;0;1;1;0;0;0;0;1;1;0;0;0;1;0;24.8;0;27.2;4;7.09;0;36
18;66;10.853;1;1;0;0;0;0;0;0;0;1;0;0;2;1;1;0;26.5;1;549.9;3;5.91;1;89
19;23;-0.8142;1;0;0;1;1;0;0;0;0;1;1;0;1;0;0;1;26.6;1;110.1;5;7.28;0;15
20;44;0.1135;0;0;0;0;0;0;0;0;0;0;0;0;1;0;0;0;25.1;0;24.5;4;4.18;0;14
21;34;-0.3283;1;1;0;0;0;0;0;0;0;0;0;0;0;1;1;1;25.7;1;172.5;5;7.78;0;49
22;58;0.7319;1;1;0;1;1;0;1;1;0;0;0;0;0;0;1;0;35.0;0;10.2;4;9.94;0;26
23;34;-0.3283;1;1;0;0;0;0;1;1;0;0;0;0;1;0;1;1;29.8;0;29.6;4;9.05;0;29
24;30;-0.505;1;1;0;0;0;0;1;1;0;1;1;0;2;0;1;0;25.5;1;340.0;5;7.18;1;42
25;49;0.3343;1;0;1;0;0;0;1;1;0;1;1;0;1;0;0;0;30.5;0;20.5;4;7.92;0;16
26;59;0.7761;0;0;0;1;1;0;0;0;0;1;1;0;1;1;1;0;25.3;1;348.3;4;7.49;1;128
27;25;-0.7258;0;0;0;1;1;0;0;0;0;1;1;0;0;0;1;0;32.9;0;34.6;3;11.78;1;11
28;35;-0.2841;0;0;0;0;0;0;1;1;0;0;0;0;2;0;0;0;28.8;0;46.9;4;8.54;0;17
29;20;-0.9467;1;1;0;1;1;0;0;0;0;0;0;0;2;1;1;1;26.5;1;337.1;2;8.38;1;40
30;9;-14.326;1;1;0;0;0;0;0;0;0;1;1;0;0;0;1;1;29.2;0;30.5;3;6.46;1;11
31;41;-0.0191;1;1;0;0;0;0;0;0;0;1;1;0;2;1;0;1;19.1;1;159.0;1;5.07;1;117
32;51;0.4227;0;0;0;1;1;0;0;0;0;1;1;0;1;0;0;1;21.4;0;45.4;1;6.74;1;2
33;42;0.0251;0;0;0;0;0;0;0;0;0;1;1;0;1;0;1;0;21.0;0;23.0;5;7.59;0;38
34;13;-12.559;0;0;0;0;0;0;0;0;0;1;1;0;1;1;1;0;27.7;0;19.7;3;12.85;0;35
35;30;-0.505;1;1;0;0;0;0;0;0;0;1;1;0;2;1;1;0;35.7;1;480.4;4;9.49;1;51
36;11;-13.443;1;1;0;1;1;0;1;1;0;0;0;0;1;1;1;0;38.2;0;42.2;5;10.62;0;36
37;78;16.154;1;1;0;0;0;0;0;0;0;0;0;0;0;0;1;0;30.2;1;708.5;4;5.14;0;68
38;20;-0.9467;0;0;0;1;1;0;0;0;0;1;1;0;0;0;1;0;29.5;0;9.7;3;8.74;0;46
39;73;13.945;0;0;0;1;0;0;0;0;0;1;1;0;2;1;1;0;18.0;1;769.8;4;7.27;0;230
40;62;0.9086;0;0;0;0;0;0;0;0;0;1;1;0;0;0;1;0;24.3;0;25.9;4;7.64;1;124
41;22;-0.8584;0;0;0;1;1;0;1;1;0;0;0;0;0;0;1;1;23.1;1;123.5;5;9.56;1;49
42;20;-0.9467;1;1;0;0;0;0;1;0;0;0;0;0;1;0;1;1;23.9;1;83.0;5;8.53;1;26
43;44;0.1135;0;0;0;0;0;0;1;1;0;0;0;0;1;0;1;0;26.2;1;189.0;5;4.13;1;52
44;23;-0.8142;0;0;0;1;1;0;0;0;0;1;1;0;1;1;1;1;24.6;1;456.0;4;6.96;1;64
45;39;-0.1074;1;1;0;1;1;0;1;1;0;0;0;0;2;0;1;1;18.0;1;534.2;3;5.44;0;42
46;28;-0.5933;1;1;0;0;0;0;1;0;0;1;1;0;0;1;0;0;30.7;1;84.2;4;6.19;0;55
47;14;-12.118;1;0;1;0;0;0;0;0;0;1;1;0;0;0;0;0;21.6;0;6.5;2;7.67;0;30
48;11;-13.443;1;1;0;0;0;0;0;0;0;1;1;0;0;1;0;0;28.2;0;34.6;5;11.56;0;37
49;41;-0.0191;1;1;0;0;0;0;0;0;0;1;1;0;2;1;0;1;37.4;1;272.5;2;8.08;0;21
50;27;-0.6375;0;0;0;0;0;0;1;1;0;0;0;0;1;0;1;1;22.4;1;107.9;3;6.28;0;36
51;27;-0.6375;1;0;0;0;0;0;1;0;0;1;1;0;0;1;1;0;18.0;1;177.4;5;10.01;1;239
52;54;0.5552;1;1;0;1;1;0;0;0;0;1;1;0;2;1;1;0;25.6;0;30.6;4;7.46;1;87
53;70;1.262;1;1;0;0;0;0;1;0;0;1;1;0;2;1;0;0;32.5;0;18.3;4;7.44;0;22
54;32;-0.4166;0;0;0;0;0;0;0;0;0;1;1;0;2;1;0;0;36.8;0;47.2;4;8.51;1;38
55;30;-0.505;0;0;0;1;1;0;0;0;0;1;1;0;2;1;1;0;20.9;1;234.4;5;10.3;1;33
56;48;0.2901;1;1;0;1;1;0;1;0;1;1;1;0;0;1;1;1;29.5;0;49.3;3;10.35;1;74
57;17;-10.792;0;0;0;0;0;0;1;1;0;1;1;0;2;0;1;1;24.7;0;16.7;5;8.34;0;43
58;41;-0.0191;0;0;0;0;0;0;0;0;0;1;1;0;1;0;1;1;26.5;0;48.6;2;5.42;0;26
59;50;0.3785;1;1;0;1;0;0;0;0;0;0;0;0;2;0;0;1;40.2;0;24.4;5;0.87;0;8
60;53;0.511;1;1;0;0;0;0;0;0;0;1;1;0;1;0;0;1;19.5;1;156.9;5;2.64;1;27
61;13;-12.559;0;0;0;0;0;0;0;0;0;1;1;0;2;0;1;0;28.3;0;7.3;3;5.98;1;10
62;24;-0.77;0;0;0;1;1;0;1;0;1;1;1;0;1;0;0;0;29.3;1;466.0;4;6.19;1;42
63;23;-0.8142;0;0;0;0;0;0;1;1;0;0;0;0;0;1;0;0;32.4;0;36.1;3;8.78;0;21
64;39;-0.1074;0;0;0;0;0;0;1;0;0;0;0;0;1;0;1;1;27.5;0;25.6;4;5.77;0;18
65;48;0.2901;0;0;0;0;0;0;0;0;0;1;1;0;2;0;1;0;28.5;0;15.2;4;6.01;0;10
66;83;18.362;0;0;0;0;0;0;1;0;1;1;1;0;2;1;1;1;25.0;0;32.6;4;4.03;0;106
67;28;-0.5933;1;0;1;0;0;0;0;0;0;0;0;0;0;0;1;0;28.3;0;16.4;3;9.99;0;12
68;28;-0.5933;1;0;1;1;1;0;1;1;0;0;0;0;0;1;1;0;25.3;0;31.0;3;10.38;0;35
69;69;12.178;1;0;1;0;0;0;1;1;0;0;0;0;0;0;1;0;30.1;1;361.6;1;5.23;0;63
70;43;0.0693;0;0;0;0;0;0;1;1;0;0;0;0;1;1;1;0;25.2;0;42.1;3;7.84;0;73
71;73;13.945;0;0;0;0;0;0;0;0;0;0;0;0;2;1;1;1;28.9;1;301.5;4;7.28;0;67
72;43;0.0693;0;0;0;1;1;0;0;0;0;1;1;0;0;0;0;1;26.9;1;182.8;5;6.16;1;38
73;19;-0.9909;1;1;0;0;0;0;0;0;0;1;0;0;1;0;1;0;32.6;1;123.8;4;4.6;1;37
74;18;-10.351;0;0;0;0;0;0;1;1;0;0;0;0;2;1;1;0;26.7;0;21.3;4;9.63;1;23
75;16;-11.234;1;0;1;1;0;1;0;0;0;0;0;0;1;1;1;0;18.1;0;41.3;5;12.32;1;66
76;53;0.511;1;1;0;0;0;0;0;0;0;1;0;0;1;1;0;0;33.3;0;19.8;4;6.95;1;21
77;70;1.262;0;0;0;0;0;0;0;0;0;0;0;0;1;1;1;0;22.5;0;14.4;5;8.29;1;65
78;101;26.314;0;0;0;0;0;0;1;1;0;1;1;0;1;0;1;1;23.7;1;344.9;4;4.16;1;126
79;58;0.7319;0;0;0;0;0;0;0;0;0;1;1;0;0;0;0;0;24.0;0;26.0;3;3.93;1;19
80;69;12.178;1;1;0;0;0;0;1;1;0;0;0;0;1;0;0;0;33.9;0;26.7;2;4.63;0;20
81;27;-0.6375;1;1;0;1;1;0;1;1;0;1;1;0;1;1;0;0;18.0;1;184.3;4;9.4;0;60
82;19;-0.9909;1;0;1;0;0;0;1;1;0;1;1;0;2;1;1;0;42.7;1;648.1;2;11.11;0;45
83;58;0.7319;1;1;0;0;0;0;0;0;0;1;1;0;1;0;1;0;32.3;0;22.1;3;4.33;1;15
84;46;0.2018;0;0;0;0;0;0;0;0;0;1;1;0;2;0;0;0;28.1;0;41.4;4;4.06;1;7
85;39;-0.1074;0;0;0;0;0;0;0;0;0;1;1;0;0;0;0;0;26.7;0;42.1;4;6.41;1;12
86;45;0.1576;0;0;0;0;0;0;0;0;0;1;1;0;1;0;0;0;28.4;0;22.3;4;6.16;1;8
87;44;0.1135;1;0;0;1;1;0;0;0;0;1;1;0;0;1;0;0;29.6;0;25.7;3;9.75;0;53
88;74;14.387;0;0;0;0;0;0;1;0;1;0;0;0;0;1;1;0;30.2;0;18.6;4;9.03;1;146
89;75;14.828;1;1;0;1;1;0;0;0;0;0;0;0;1;1;0;0;29.8;0;47.0;4;7.64;1;36
90;49;0.3343;0;0;0;0;0;0;1;1;0;1;1;0;2;0;1;1;27.4;0;10.3;5;6.83;1;53
91;58;0.7319;1;1;0;0;0;0;0;0;0;0;0;0;0;0;1;0;26.0;0;47.0;4;8.53;1;15
92;49;0.3343;1;1;0;0;0;0;1;0;0;1;1;0;1;1;1;0;26.2;0;35.8;5;11.01;1;60
93;28;-0.5933;1;1;0;0;0;0;1;1;0;1;0;0;2;1;1;0;26.0;0;28.9;5;9.61;1;29
94;55;0.5994;0;0;0;0;0;0;1;0;0;1;0;0;0;1;1;0;32.7;1;673.0;4;10.34;1;184
95;17;-10.792;1;1;0;0;0;0;1;1;0;0;0;0;1;1;1;0;30.0;1;218.5;3;11.15;1;76
96;65;10.411;1;0;1;1;1;0;1;1;0;0;0;0;1;0;0;1;18.0;0;23.3;4;6.84;0;19
97;19;-0.9909;0;0;0;0;0;0;1;1;0;1;1;0;1;1;1;1;30.3;0;12.3;4;7.43;1;109
98;43;0.0693;1;1;0;0;0;0;0;0;0;1;0;0;0;0;0;0;28.0;0;34.5;4;8.03;0;18
99;23;-0.8142;1;1;0;0;0;0;0;0;0;1;1;0;0;0;1;0;26.9;1;185.7;4;8.96;0;29
100;50;0.3785;1;0;1;0;0;0;0;0;0;1;1;0;2;0;1;0;25.1;1;649.4;4;8.54;0;34
101;36;-0.2399;1;1;0;0;0;0;0;0;0;1;1;0;1;0;1;1;32.6;0;37.2;3;9.5;1;19
102;15;-11.676;0;0;0;0;0;0;0;0;0;1;1;0;0;1;1;0;31.7;1;598.2;4;12.67;1;167
103;46;0.2018;0;0;0;0;0;0;0;0;0;0;0;0;2;0;1;0;23.1;0;23.8;3;7.23;0;19
104;27;-0.6375;1;1;0;1;1;0;0;0;0;1;1;0;0;0;1;0;29.0;0;10.2;5;11.97;1;57
105;59;0.7761;0;0;0;1;1;0;0;0;0;0;0;0;1;1;1;0;22.1;1;674.5;3;10.35;0;155
106;37;-0.1958;1;0;0;0;0;0;0;0;0;0;0;0;0;0;0;0;20.1;1;653.1;2;4.4;0;19
107;45;0.1576;1;0;1;0;0;0;1;1;0;1;1;0;2;0;1;0;23.9;1;699.8;4;4.56;0;38
108;22;-0.8584;1;0;0;1;1;0;0;0;0;0;0;0;0;1;0;0;31.3;1;94.7;4;7.34;1;25
109;26;-0.6817;1;1;0;0;0;0;1;0;0;0;0;0;0;0;1;1;31.8;0;21.0;4;8.31;0;22
110;28;-0.5933;1;1;0;0;0;0;0;0;0;1;1;0;0;0;0;0;29.6;1;155.0;3;5.88;1;39
111;59;0.7761;0;0;0;0;0;0;1;0;1;1;1;0;0;0;0;0;30.6;0;23.1;4;4.95;1;59
112;92;22.338;0;0;0;0;0;0;1;1;0;0;0;0;2;0;0;1;29.6;1;461.4;3;0.3;0;38
113;24;-0.77;1;1;0;0;0;0;1;1;0;1;1;0;2;1;1;0;23.8;0;41.7;5;10.42;1;97
114;66;10.853;0;0;0;0;0;0;1;1;0;1;1;0;0;1;1;0;29.2;1;439.7;5;11.28;0;221
115;11;-13.443;0;0;0;0;0;0;0;0;0;1;0;0;1;1;1;0;31.0;0;21.8;4;12.18;1;39
116;19;-0.9909;0;0;0;0;0;0;1;1;0;0;0;0;1;1;0;0;30.8;1;151.4;3;8.4;0;73
117;22;-0.8584;0;0;0;1;1;0;1;1;0;0;0;0;2;1;0;1;32.9;0;9.8;5;10.2;0;14
118;17;-10.792;1;1;0;0;0;0;1;1;0;0;0;0;1;0;0;0;30.5;1;347.0;1;4.37;0;14
119;15;-11.676;0;0;0;0;0;0;1;1;0;1;1;0;1;1;1;0;28.8;0;23.6;4;9.62;0;83
120;46;0.2018;0;0;0;0;0;0;0;0;0;1;0;0;1;1;0;0;32.4;0;35.4;3;6.46;0;24
121;33;-0.3725;0;0;0;1;1;0;1;1;0;0;0;0;1;1;0;0;26.9;0;34.6;5;8.86;0;19
122;45;0.1576;1;1;0;1;1;0;0;0;0;0;0;0;0;1;1;1;22.6;0;8.2;1;9.15;0;11
123;54;0.5552;1;1;0;1;0;0;1;1;0;1;1;0;1;0;1;0;26.2;1;730.3;4;7.1;0;44
124;42;0.0251;0;0;0;0;0;0;0;0;0;1;1;0;0;0;0;0;23.3;0;13.2;5;7.9;1;6
125;53;0.511;1;0;1;1;1;0;1;1;0;1;1;0;2;0;0;1;23.6;1;206.2;4;6.25;1;22
126;35;-0.2841;1;1;0;1;0;0;0;0;0;0;0;0;0;0;0;0;26.3;0;42.2;2;5.36;0;12
127;19;-0.9909;0;0;0;0;0;0;0;0;0;0;0;0;1;1;1;1;23.0;0;6.9;5;6.93;0;40
128;65;10.411;1;1;0;0;0;0;1;0;0;0;0;0;1;1;0;1;25.5;1;412.9;4;4.16;1;89
129;26;-0.6817;0;0;0;0;0;0;1;1;0;0;0;0;1;0;1;1;18.0;1;363.8;4;6.23;1;13
130;22;-0.8584;0;0;0;1;1;0;1;1;0;1;1;0;0;0;1;0;28.1;0;44.6;3;12.55;1;8
131;33;-0.3725;0;0;0;0;0;0;0;0;0;0;0;0;1;0;1;0;27.0;0;30.1;4;6.19;1;10
132;22;-0.8584;1;1;0;0;0;0;0;0;0;0;0;0;1;0;0;1;22.9;1;481.7;4;4.29;1;16
133;29;-0.5492;1;1;0;1;1;0;1;0;0;1;1;0;1;0;0;0;30.3;0;27.6;2;7.32;1;26
134;44;0.1135;0;0;0;1;1;0;1;1;0;0;0;0;1;0;1;0;31.7;1;403.8;2;6.37;0;53
135;44;0.1135;0;0;0;1;0;0;1;0;0;1;1;0;1;1;1;1;19.0;1;465.1;5;9.93;1;137
136;22;-0.8584;0;0;0;1;1;0;0;0;0;0;0;0;2;0;0;1;23.2;1;477.7;3;2.61;0;12
137;28;-0.5933;1;0;1;0;0;0;1;0;1;0;0;0;0;0;1;0;23.2;0;44.9;3;7.07;1;20
138;66;10.853;1;1;0;1;1;0;0;0;0;0;0;0;2;1;0;0;22.3;1;606.7;4;5.19;0;58
139;48;0.2901;0;0;0;0;0;0;0;0;0;1;1;0;1;0;1;0;31.1;0;46.2;5;7.13;1;16
140;115;32.498;1;1;0;1;1;0;0;0;0;1;1;0;0;1;1;1;26.0;0;33.6;2;10.14;1;113
141;70;1.262;0;0;0;0;0;0;0;0;0;1;1;0;0;1;1;1;25.7;0;33.3;4;9.3;0;81
142;69;12.178;1;1;0;1;1;0;1;1;0;1;1;0;0;0;1;0;18.0;0;23.1;2;9.77;1;29
143;17;-10.792;1;0;1;0;0;0;0;0;0;0;0;0;2;0;0;0;30.2;1;245.9;1;2.95;0;11
144;56;0.6435;1;0;0;1;1;0;0;0;0;0;0;0;1;0;1;1;20.8;1;571.2;2;5.09;0;15
145;36;-0.2399;1;0;1;0;0;0;0;0;0;0;0;0;2;0;1;0;27.3;1;475.5;5;4.3;0;16
146;27;-0.6375;0;0;0;0;0;0;0;0;0;1;1;0;1;0;0;0;28.4;0;24.3;2;5.89;0;11
147;40;-0.0632;0;0;0;1;0;1;1;0;0;0;0;0;1;1;1;1;33.8;0;37.9;1;8.61;1;13
148;62;0.9086;1;1;0;0;0;0;0;0;0;0;0;0;0;0;1;0;20.5;0;42.1;4;7.4;0;18
149;48;0.2901;0;0;0;1;1;0;0;0;0;0;0;0;0;0;0;0;18.0;1;416.1;5;4.82;0;33
150;23;-0.8142;1;1;0;0;0;0;1;1;0;1;1;0;1;0;0;0;27.9;0;42.5;3;9.9;0;20
151;55;0.5994;0;0;0;1;1;0;1;1;0;1;1;0;0;1;1;0;36.0;1;246.0;4;9.51;1;166
152;26;-0.6817;1;1;0;0;0;0;1;1;0;1;1;0;0;0;0;1;33.2;0;43.0;1;7.66;1;13
153;41;-0.0191;0;0;0;0;0;0;0;0;0;0;0;0;1;0;0;0;28.0;0;24.4;4;2.77;0;10
154;31;-0.4608;0;0;0;1;1;0;1;1;0;0;0;0;1;0;1;1;24.5;1;435.3;4;7.16;1;44
155;32;-0.4166;0;0;0;0;0;0;1;0;0;0;0;0;2;1;1;0;31.0;0;46.2;4;7.35;1;105
156;56;0.6435;0;0;0;0;0;0;1;1;0;1;1;0;2;0;0;0;22.1;1;54.8;3;4.14;0;44
157;21;-0.9025;0;0;0;0;0;0;1;1;0;1;1;0;1;1;0;0;29.4;1;422.2;3;7.84;0;85
158;107;28.964;0;0;0;0;0;0;0;0;0;0;0;0;1;1;1;0;29.5;0;26.8;2;7.54;0;40
159;13;-12.559;0;0;0;0;0;0;1;1;0;0;0;0;1;0;0;0;32.3;0;28.1;4;5.84;0;17
160;26;-0.6817;0;0;0;1;1;0;0;0;0;0;0;0;2;1;0;0;40.8;1;68.0;2;5.16;1;14
161;45;0.1576;1;1;0;0;0;0;0;0;0;0;0;0;0;0;1;0;29.0;1;488.6;5;8.12;1;30
162;50;0.3785;1;1;0;0;0;0;0;0;0;1;1;0;1;1;1;0;24.5;0;19.6;5;10.77;1;64
163;35;-0.2841;0;0;0;0;0;0;0;0;0;0;0;0;2;1;1;1;26.9;1;180.8;5;6.28;1;87
164;35;-0.2841;1;1;0;0;0;0;1;1;0;0;0;0;1;1;0;1;18.2;1;403.7;5;6.32;0;79
165;46;0.2018;0;0;0;0;0;0;1;1;0;1;1;0;1;0;1;1;23.5;1;118.6;4;9.24;1;72
166;32;-0.4166;1;1;0;1;1;0;1;0;0;1;1;0;1;1;0;0;25.0;0;49.0;4;9.18;1;17
167;79;16.595;0;0;0;1;1;0;1;1;0;1;1;0;0;0;0;0;24.4;1;462.9;3;4.96;1;72
168;58;0.7319;1;1;0;0;0;0;0;0;0;1;1;0;0;0;0;1;27.8;1;355.5;4;3.86;0;22
169;59;0.7761;1;1;0;0;0;0;0;0;0;0;0;0;0;0;1;0;22.9;0;37.8;4;6.43;0;11
170;22;-0.8584;1;1;0;1;1;0;1;1;0;1;1;0;0;1;0;0;32.6;0;20.6;4;10.74;1;46
171;35;-0.2841;0;0;0;0;0;0;1;1;0;1;1;0;0;1;1;1;27.0;1;197.2;5;8.88;1;200
172;31;-0.4608;1;1;0;0;0;0;0;0;0;1;1;0;2;0;0;1;27.0;0;41.2;3;4.02;0;7
173;21;-0.9025;1;1;0;0;0;0;1;1;0;1;1;0;0;0;1;0;25.4;1;696.2;3;7.5;0;80
174;45;0.1576;0;0;0;0;0;0;0;0;0;1;1;0;1;0;1;0;27.8;0;23.0;5;8.93;0;37
175;27;-0.6375;0;0;0;1;1;0;0;0;0;0;0;0;0;1;0;1;31.1;0;40.2;2;8.13;0;15
176;52;0.4668;1;0;0;1;1;0;0;0;0;1;1;0;2;0;1;0;22.7;1;497.7;4;5.99;1;127
177;20;-0.9467;1;1;0;0;0;0;0;0;0;1;1;0;0;1;1;1;23.7;0;49.6;5;13.55;1;39
178;94;23.221;1;1;0;0;0;0;1;1;0;1;1;0;1;0;0;1;25.5;0;6.2;4;7.28;1;21
179;22;-0.8584;0;0;0;1;1;0;1;0;0;1;1;0;2;1;0;1;20.3;0;32.2;4;8.58;0;23
180;41;-0.0191;1;1;0;1;1;0;0;0;0;1;0;1;2;0;0;0;22.9;1;734.8;3;2.45;0;18
181;57;0.6877;1;0;1;0;0;0;1;0;0;1;1;0;0;0;0;0;24.6;0;36.0;3;5.4;1;20
182;27;-0.6375;1;1;0;1;1;0;1;1;0;0;0;0;2;0;1;1;31.4;0;10.4;5;8.95;0;14
183;58;0.7319;1;1;0;0;0;0;0;0;0;0;0;0;1;1;1;0;28.3;1;251.6;4;6.83;0;61
184;19;-0.9909;0;0;0;1;0;0;0;0;0;1;1;0;1;1;1;1;28.0;0;13.2;4;10.21;1;39
185;81;17.479;1;1;0;1;1;0;1;1;0;1;1;0;0;0;1;0;31.3;1;235.1;2;6.39;1;152
186;37;-0.1958;1;1;0;0;0;0;1;1;0;0;0;0;0;1;0;0;26.3;0;15.0;1;7.78;0;78
187;26;-0.6817;1;0;0;1;1;0;1;1;0;0;0;0;1;1;0;1;29.0;1;466.4;5;7.96;0;93
188;31;-0.4608;1;1;0;0;0;0;0;0;0;1;1;0;1;1;1;1;26.5;0;29.6;4;8.59;1;21
189;57;0.6877;1;1;0;0;0;0;1;1;0;0;0;0;1;1;1;1;28.3;1;369.9;4;9.14;0;78
190;27;-0.6375;0;0;0;0;0;0;0;0;0;0;0;0;1;0;0;1;24.1;0;12.2;2;4.02;0;8
191;24;-0.77;0;0;0;0;0;0;0;0;0;0;0;0;2;0;1;0;18.0;0;12.7;4;6.51;1;22
192;32;-0.4166;0;0;0;0;0;0;0;0;0;1;0;1;0;1;0;1;26.3;0;23.8;5;6.48;0;18
193;19;-0.9909;0;0;0;0;0;0;0;0;0;1;1;0;1;1;1;1;34.1;0;39.1;4;10.74;1;29
194;100;25.872;0;0;0;0;0;0;0;0;0;1;1;0;0;1;0;0;31.6;0;45.4;2;7.27;1;41
195;27;-0.6375;1;1;0;0;0;0;0;0;0;0;0;0;2;0;1;0;31.8;0;8.8;4;6.57;0;28
196;58;0.7319;0;0;0;0;0;0;0;0;0;0;0;0;1;0;0;0;33.2;1;262.5;5;5.12;0;17
197;41;-0.0191;0;0;0;0;0;0;1;0;0;1;1;0;2;1;0;0;27.4;0;9.5;4;8.42;0;39
198;21;-0.9025;0;0;0;0;0;0;0;0;0;0;0;0;0;1;0;1;28.0;0;5.7;5;7.53;0;29
199;36;-0.2399;1;1;0;0;0;0;0;0;0;0;0;0;0;1;0;0;23.9;1;60.4;4;5.81;0;9
200;56;0.6435;1;0;0;0;0;0;0;0;0;0;0;0;0;1;0;0;25.4;1;537.0;5;7.25;0;68
201;33;-0.3725;0;0;0;1;1;0;0;0;0;0;0;0;0;1;0;0;30.1;0;12.3;4;10.9;0;36
202;71;13.061;0;0;0;1;1;0;1;1;0;0;0;0;0;0;1;0;33.0;0;15.5;2;8.49;0;14
203;64;0.9969;0;0;0;1;1;0;0;0;0;1;1;0;2;0;0;0;26.3;0;6.1;3;6.59;0;4
204;61;0.8644;1;1;0;0;0;0;1;1;0;0;0;0;0;1;0;0;24.7;1;65.1;3;7.75;1;35
205;28;-0.5933;1;0;0;0;0;0;0;0;0;0;0;0;0;1;1;1;27.0;1;165.3;5;10.64;0;169
206;20;-0.9467;1;1;0;1;1;0;0;0;0;1;1;0;2;0;0;0;30.0;0;11.1;5;4.34;1;10
207;26;-0.6817;0;0;0;0;0;0;1;1;0;1;1;0;1;0;0;0;19.8;1;393.9;4;6.9;1;36
208;41;-0.0191;1;0;0;0;0;0;1;0;0;0;0;0;2;1;0;0;18.0;1;473.4;3;6.51;1;72
209;49;0.3343;1;1;0;0;0;0;0;0;0;1;1;0;0;0;1;1;24.2;1;547.3;3;4.85;0;93
210;11;-13.443;0;0;0;1;1;0;1;1;0;0;0;0;1;0;1;0;20.9;1;559.3;5;6.37;0;46
211;36;-0.2399;1;1;0;0;0;0;0;0;0;1;1;0;0;1;0;1;24.5;0;7.3;4;8.21;1;23
212;40;-0.0632;0;0;0;1;1;0;1;1;0;1;1;0;0;1;0;1;26.3;0;6.8;3;9.64;1;47
213;31;-0.4608;1;1;0;1;1;0;1;1;0;1;1;0;2;1;1;1;24.7;0;30.8;4;10.76;1;112
214;74;14.387;0;0;0;0;0;0;1;1;0;1;1;0;0;0;0;0;34.3;0;22.7;1;7.12;0;23
215;46;0.2018;0;0;0;1;1;0;1;1;0;0;0;0;1;1;0;1;28.6;0;6.3;3;9.51;0;15
216;75;14.828;0;0;0;0;0;0;0;0;0;1;1;0;1;0;1;0;28.5;1;86.9;4;7.08;1;27
217;32;-0.4166;0;0;0;1;1;0;1;1;0;1;1;0;0;0;0;1;30.1;0;5.5;2;7.16;1;15
218;61;0.8644;1;1;0;0;0;0;0;0;0;1;1;0;2;1;1;0;21.3;0;40.4;5;8.4;1;96
219;90;21.454;1;1;0;1;1;0;0;0;0;1;1;0;0;1;1;0;32.2;0;18.8;3;12.37;0;72
220;75;14.828;1;1;0;0;0;0;0;0;0;1;1;0;1;1;1;0;26.6;1;215.5;2;8.6;1;75
221;20;-0.9467;0;0;0;1;1;0;0;0;0;0;0;0;2;1;0;0;30.4;0;31.5;3;8.0;0;9
222;32;-0.4166;0;0;0;0;0;0;1;1;0;1;1;0;1;1;1;1;21.6;0;22.9;5;12.11;0;79
223;30;-0.505;1;1;0;0;0;0;1;1;0;1;1;0;2;0;1;0;19.2;0;48.8;4;8.72;1;26
224;48;0.2901;0;0;0;1;1;0;1;1;0;1;1;0;0;0;1;0;31.1;0;29.5;4;11.02;1;34
225;53;0.511;1;0;0;1;1;0;0;0;0;1;1;0;1;0;1;0;28.9;1;229.3;1;5.86;1;65
226;23;-0.8142;0;0;0;0;0;0;0;0;0;1;1;0;0;0;0;1;22.5;1;618.5;1;5.7;0;36
227;38;-0.1516;0;0;0;0;0;0;1;1;0;1;0;0;1;1;1;1;22.7;0;17.2;4;7.74;1;24
228;12;-13.001;1;1;0;0;0;0;0;0;0;0;0;0;2;0;1;1;32.6;1;284.4;5;4.32;0;34
229;81;17.479;1;0;1;1;1;0;1;1;0;0;0;0;0;1;0;1;21.1;1;358.0;5;6.0;1;74
230;28;-0.5933;1;1;0;1;0;0;1;1;0;0;0;0;1;1;1;0;35.2;1;207.3;2;8.01;0;66
231;38;-0.1516;0;0;0;1;1;0;1;0;1;1;1;0;0;1;1;0;22.5;0;7.3;4;10.75;1;112
232;31;-0.4608;1;1;0;0;0;0;0;0;0;1;1;0;1;0;1;1;30.2;0;24.2;5;7.43;1;13
233;69;12.178;1;1;0;0;0;0;1;1;0;1;1;0;1;1;1;0;25.4;0;42.5;4;8.51;1;88
234;8;-14.768;1;1;0;1;1;0;0;0;0;0;0;0;2;0;1;0;30.0;1;277.5;5;7.05;0;48
235;36;-0.2399;1;1;0;1;1;0;1;1;0;0;0;0;1;0;1;0;24.3;0;15.1;2;8.01;1;16
236;35;-0.2841;0;0;0;0;0;0;0;0;0;1;1;0;0;1;1;0;26.2;0;15.2;5;9.28;1;45
237;29;-0.5492;0;0;0;1;1;0;0;0;0;1;1;0;0;0;0;0;27.2;0;41.8;5;7.06;1;14
238;95;23.663;1;0;1;0;0;0;0;0;0;0;0;0;0;0;1;1;22.0;1;774.2;5;4.95;1;23
239;22;-0.8584;0;0;0;0;0;0;1;1;0;0;0;0;0;1;0;0;30.7;0;9.3;4;8.91;1;25
240;56;0.6435;0;0;0;0;0;0;0;0;0;0;0;0;0;0;0;0;24.4;1;148.0;4;2.9;0;69
241;45;0.1576;1;1;0;0;0;0;0;0;0;0;0;0;2;1;1;0;25.9;1;553.8;5;7.0;1;45
242;73;13.945;1;1;0;0;0;0;0;0;0;0;0;0;1;1;0;1;22.0;0;44.2;3;6.56;0;17
243;25;-0.7258;0;0;0;0;0;0;1;1;0;1;1;0;1;1;1;0;18.0;1;481.3;3;8.04;0;121
244;24;-0.77;0;0;0;0;0;0;1;1;0;0;0;0;0;0;0;1;26.0;0;14.5;4;7.69;0;4
245;67;11.295;1;1;0;1;1;0;1;1;0;0;0;0;2;0;1;1;39.1;1;428.3;5;4.2;1;47
246;46;0.2018;1;1;0;0;0;0;1;1;0;0;0;0;1;1;1;0;30.9;0;7.3;5;10.05;0;96
247;16;-11.234;1;1;0;0;0;0;0;0;0;1;1;0;0;0;1;1;26.9;1;370.6;3;7.54;1;50
248;27;-0.6375;0;0;0;0;0;0;0;0;0;1;0;0;1;1;0;1;25.7;1;533.9;5;5.24;0;28
249;45;0.1576;1;1;0;0;0;0;1;1;0;1;1;0;1;1;1;1;27.1;1;608.9;5;8.07;1;140
250;58;0.7319;1;1;0;1;1;0;0;0;0;1;1;0;0;1;0;1;29.7;1;224.2;2;7.14;1;50
251;25;-0.7258;0;0;0;0;0;0;0;0;0;0;0;0;1;0;1;0;21.1;0;28.8;4;9.47;0;12
252;8;-14.768;0;0;0;1;1;0;0;0;0;1;1;0;1;0;0;0;32.6;1;251.9;3;4.1;0;14
253;49;0.3343;1;1;0;0;0;0;0;0;0;1;1;0;0;1;1;0;30.6;1;199.0;3;11.79;1;63
254;19;-0.9909;1;1;0;0;0;0;0;0;0;0;0;0;2;0;0;0;30.6;0;41.2;5;4.83;0;13
255;12;-13.001;0;0;0;0;0;0;0;0;0;1;0;0;2;0;1;1;29.2;0;39.2;4;6.79;1;7
256;8;-14.768;1;0;0;0;0;0;0;0;0;1;1;0;1;1;1;0;27.1;1;327.7;4;8.22;0;207
257;57;0.6877;1;1;0;0;0;0;0;0;0;1;1;0;1;1;1;1;30.4;1;613.5;5;7.21;0;63
258;39;-0.1074;0;0;0;1;1;0;0;0;0;0;0;0;1;1;1;1;30.0;1;722.7;4;7.22;0;82
259;32;-0.4166;1;1;0;0;0;0;0;0;0;1;1;0;1;1;0;1;25.2;0;21.2;5;7.29;0;30
260;79;16.595;0;0;0;0;0;0;0;0;0;0;0;0;1;0;1;1;24.1;1;187.1;4;3.57;0;23
261;52;0.4668;0;0;0;0;0;0;1;1;0;1;1;0;0;1;0;0;27.5;0;35.6;5;9.75;1;47
262;89;21.013;1;1;0;0;0;0;0;0;0;0;0;0;1;1;1;0;34.7;1;332.5;3;8.75;1;109
263;17;-10.792;1;1;0;0;0;0;1;1;0;1;1;0;2;0;1;0;20.8;0;6.6;5;7.62;1;43
264;36;-0.2399;0;0;0;0;0;0;1;1;0;1;1;0;1;0;1;0;19.7;1;96.8;3;7.51;0;71
265;15;-11.676;0;0;0;0;0;0;1;0;0;1;1;0;0;1;1;0;27.8;1;414.6;3;10.67;0;278
266;32;-0.4166;0;0;0;0;0;0;0;0;0;1;0;0;2;1;0;0;27.3;0;13.7;5;5.75;0;11
267;32;-0.4166;0;0;0;1;1;0;0;0;0;1;1;0;0;1;1;1;27.9;1;236.4;4;11.27;1;135
268;52;0.4668;1;1;0;1;1;0;0;0;0;1;1;0;0;1;1;0;28.2;0;16.7;4;11.12;0;58
269;38;-0.1516;0;0;0;0;0;0;1;1;0;1;1;0;0;0;0;0;25.9;1;656.6;4;3.06;0;68
270;52;0.4668;1;0;1;0;0;0;0;0;0;0;0;0;0;0;0;1;34.4;1;706.6;5;4.74;1;33
271;54;0.5552;1;1;0;1;1;0;1;1;0;1;1;0;2;1;1;0;19.0;0;18.4;3;9.42;1;70
272;120;34.707;1;1;0;0;0;0;1;1;0;1;1;0;1;1;1;0;22.9;1;694.0;2;5.93;0;161
273;31;-0.4608;1;1;0;0;0;0;0;0;0;0;0;0;0;1;0;1;26.5;1;692.9;3;7.46;0;50
274;22;-0.8584;0;0;0;0;0;0;0;0;0;0;0;0;2;1;1;0;18.8;0;15.8;4;8.69;0;17
275;42;0.0251;1;1;0;0;0;0;1;1;0;1;1;0;2;0;1;1;26.1;0;35.3;3;9.29;1;22
276;24;-0.77;1;1;0;0;0;0;0;0;0;1;1;0;2;0;1;0;35.3;1;567.7;4;8.12;0;31
277;83;18.362;1;1;0;1;1;0;0;0;0;0;0;0;0;1;0;1;27.1;1;758.8;4;4.96;1;51
278;31;-0.4608;0;0;0;1;1;0;1;1;0;1;1;0;1;1;0;0;28.2;1;561.9;2;9.67;0;112
279;27;-0.6375;0;0;0;1;1;0;0;0;0;0;0;0;2;1;1;0;20.7;1;298.7;4;6.98;1;38
280;28;-0.5933;1;1;0;1;1;0;1;1;0;1;1;0;2;1;1;0;23.9;0;12.0;5;15.08;1;63
281;54;0.5552;1;1;0;0;0;0;1;1;0;0;0;0;0;1;1;1;25.1;1;534.3;3;7.62;0;152
282;34;-0.3283;1;1;0;0;0;0;1;1;0;1;1;0;0;0;0;0;25.4;0;21.2;4;9.69;0;39
283;26;-0.6817;0;0;0;1;1;0;0;0;0;0;0;0;1;0;1;0;33.4;0;35.2;4;8.95;1;19
284;91;21.896;0;0;0;1;0;0;0;0;0;1;1;0;2;0;1;1;29.8;0;17.2;4;6.39;1;35
285;23;-0.8142;0;0;0;0;0;0;0;0;0;0;0;0;1;1;0;1;21.4;0;8.7;4;6.61;0;16
286;37;-0.1958;0;0;0;1;1;0;0;0;0;1;1;0;1;0;1;0;28.2;0;49.7;4;8.57;0;13
287;52;0.4668;1;1;0;0;0;0;0;0;0;1;1;0;0;0;0;1;29.5;0;12.0;4;3.56;0;11
288;15;-11.676;0;0;0;0;0;0;0;0;0;0;0;0;1;1;1;0;32.7;1;764.3;1;8.15;1;30
289;48;0.2901;0;0;0;0;0;0;0;0;0;1;1;0;2;0;1;0;34.9;0;49.0;4;7.88;0;23
290;20;-0.9467;1;1;0;0;0;0;0;0;0;0;0;0;1;1;1;0;21.9;0;40.7;4;9.91;1;20
291;58;0.7319;1;1;0;0;0;0;1;1;0;1;1;0;2;0;0;1;22.9;0;34.7;1;1.34;1;20
292;22;-0.8584;0;0;0;0;0;0;0;0;0;0;0;0;2;0;0;1;20.7;0;31.0;4;2.9;0;9
293;54;0.5552;0;0;0;0;0;0;0;0;0;1;1;0;0;1;0;0;25.8;0;44.0;5;8.32;1;47
294;67;11.295;1;0;1;0;0;0;1;1;0;0;0;0;1;0;1;0;29.3;0;18.0;4;7.39;0;17
295;59;0.7761;0;0;0;0;0;0;1;1;0;0;0;0;0;0;0;0;31.9;1;693.9;4;5.1;0;53
296;42;0.0251;0;0;0;1;1;0;0;0;0;1;1;0;2;1;1;1;26.6;1;148.8;5;8.55;1;68
297;32;-0.4166;1;1;0;0;0;0;0;0;0;0;0;0;1;1;1;1;25.4;1;578.8;4;8.4;1;38
298;27;-0.6375;1;1;0;0;0;0;1;0;0;0;0;0;1;0;0;0;27.8;0;24.2;4;3.91;0;10
299;82;17.921;1;1;0;0;0;0;1;1;0;1;0;0;2;1;1;1;22.8;0;19.9;5;9.18;1;69
300;25;-0.7258;0;0;0;0;0;0;1;1;0;0;0;0;1;0;1;1;37.4;1;239.2;5;7.0;0;51
301;21;-0.9025;1;1;0;1;1;0;1;0;1;1;1;0;2;0;1;0;19.0;0;43.3;4;9.23;1;29
302;53;0.511;1;1;0;0;0;0;0;0;0;0;0;0;1;1;1;0;27.9;0;14.1;4;8.6;0;29
303;24;-0.77;1;0;0;1;1;0;0;0;0;1;1;0;0;1;1;0;37.1;0;47.0;4;14.99;1;29
304;22;-0.8584;0;0;0;0;0;0;0;0;0;1;1;0;1;1;0;1;27.0;0;36.0;5;9.71;0;23
305;17;-10.792;1;0;1;0;0;0;1;1;0;1;1;0;2;1;1;1;26.0;0;42.0;4;9.85;1;42
306;28;-0.5933;1;1;0;0;0;0;1;1;0;1;1;0;0;1;0;0;25.2;0;30.0;2;10.88;0;37
307;35;-0.2841;1;1;0;0;0;0;1;0;1;0;0;0;2;0;0;1;26.1;1;337.5;5;3.92;0;20
308;42;0.0251;0;0;0;0;0;0;0;0;0;0;0;0;2;0;1;0;33.9;0;5.7;4;5.42;1;16
309;62;0.9086;0;0;0;0;0;0;0;0;0;1;1;0;0;1;1;0;18.0;1;677.3;2;10.46;1;107
310;49;0.3343;1;0;0;0;0;0;0;0;0;1;1;0;2;0;1;1;34.7;1;461.7;4;5.99;1;45
311;33;-0.3725;0;0;0;0;0;0;1;1;0;0;0;0;0;0;0;1;19.9;1;191.9;4;1.8;0;37
312;33;-0.3725;0;0;0;1;1;0;1;0;1;1;0;1;0;0;1;0;25.7;1;590.3;5;7.44;1;138
313;48;0.2901;0;0;0;0;0;0;0;0;0;1;1;0;0;0;0;0;24.9;1;433.3;3;4.68;1;48
314;74;14.387;0;0;0;0;0;0;0;0;0;1;1;0;2;1;1;0;29.9;0;14.5;5;9.99;1;62
315;39;-0.1074;1;1;0;0;0;0;0;0;0;1;1;0;1;1;0;0;19.0;0;39.4;4;10.05;1;33
316;28;-0.5933;1;1;0;0;0;0;0;0;0;1;1;0;0;1;1;0;29.3;0;16.4;2;11.71;1;43
317;21;-0.9025;0;0;0;0;0;0;1;1;0;0;0;0;1;0;1;0;37.1;1;672.2;5;9.07;0;23
318;17;-10.792;0;0;0;1;1;0;0;0;0;1;1;0;1;0;0;1;20.2;1;582.0;4;5.36;0;15
319;53;0.511;0;0;0;1;1;0;1;1;0;0;0;0;0;0;0;0;27.9;0;10.7;3;7.79;0;15
320;50;0.3785;1;1;0;0;0;0;1;0;0;1;1;0;2;0;1;1;23.7;1;679.1;4;6.56;1;90
321;50;0.3785;0;0;0;0;0;0;1;1;0;1;1;0;2;1;0;1;29.1;0;35.3;5;8.54;1;31
322;34;-0.3283;0;0;0;0;0;0;0;0;0;0;0;0;1;1;1;0;27.1;1;572.8;3;8.71;1;108
323;79;16.595;1;1;0;1;1;0;1;1;0;1;1;0;2;1;0;0;23.8;0;19.6;3;7.69;1;70
324;28;-0.5933;1;1;0;0;0;0;0;0;0;1;1;0;1;0;0;1;29.4;0;35.4;2;5.44;1;8
325;62;0.9086;0;0;0;0;0;0;0;0;0;0;0;0;2;1;1;0;36.0;0;31.7;3;6.14;0;31
326;36;-0.2399;0;0;0;0;0;0;0;0;0;1;1;0;1;1;1;1;26.0;0;32.1;5;10.78;1;41
327;26;-0.6817;1;1;0;1;0;0;0;0;0;0;0;0;1;1;1;1;30.6;0;35.7;4;9.72;0;31
328;51;0.4227;0;0;0;0;0;0;0;0;0;1;0;1;0;1;1;1;20.5;0;30.9;3;11.02;1;76
329;46;0.2018;1;1;0;0;0;0;0;0;0;0;0;0;2;0;0;1;22.2;1;85.4;3;3.41;1;9
330;45;0.1576;1;1;0;1;1;0;1;0;1;1;1;0;1;0;1;0;29.4;0;17.4;3;8.03;1;11
331;38;-0.1516;0;0;0;0;0;0;0;0;0;1;1;0;0;0;1;0;34.4;0;39.6;5;7.54;1;31
332;36;-0.2399;0;0;0;1;1;0;1;0;0;0;0;0;0;1;0;0;28.8;1;523.5;3;7.87;1;80
333;136;41.774;0;0;0;0;0;0;1;0;0;0;0;0;1;0;0;0;25.4;1;252.9;5;2.55;0;29
334;70;1.262;0;0;0;1;1;0;0;0;0;1;0;0;1;0;1;0;27.0;0;15.5;4;7.66;0;12
335;54;0.5552;1;0;1;1;1;0;1;1;0;1;1;0;1;0;1;0;20.7;0;33.1;3;10.61;1;21
336;39;-0.1074;0;0;0;0;0;0;0;0;0;1;1;0;2;0;1;1;30.0;0;38.6;5;7.17;1;19
337;64;0.9969;1;1;0;1;1;0;0;0;0;0;0;0;0;1;1;0;31.4;0;14.8;4;9.41;1;49
338;49;0.3343;1;0;1;0;0;0;0;0;0;0;0;0;1;1;0;0;24.7;1;344.8;4;4.53;1;33
339;37;-0.1958;1;1;0;1;1;0;1;1;0;0;0;0;0;0;1;0;24.6;0;10.9;5;9.34;0;21
340;31;-0.4608;1;1;0;0;0;0;0;0;0;1;1;0;2;0;0;0;28.3;0;32.3;2;5.65;0;7
341;35;-0.2841;1;1;0;1;0;1;1;1;0;0;0;0;2;0;1;0;24.8;1;458.2;2;5.74;1;29
342;8;-14.768;1;1;0;0;0;0;0;0;0;1;1;0;1;0;0;0;26.7;0;7.0;4;6.97;1;12
343;41;-0.0191;1;1;0;1;1;0;1;1;0;1;1;0;1;0;0;0;37.5;0;38.0;3;7.44;1;15
344;28;-0.5933;1;1;0;0;0;0;0;0;0;1;1;0;0;0;0;0;25.8;0;20.4;3;6.29;0;25
345;88;20.571;0;0;0;1;0;0;1;0;0;0;0;0;1;0;1;1;25.2;1;308.1;1;4.52;1;66
346;37;-0.1958;1;1;0;1;0;0;1;1;0;0;0;0;2;1;1;1;23.8;0;46.8;1;9.06;0;16
347;19;-0.9909;1;1;0;0;0;0;1;1;0;1;1;0;1;1;1;1;30.7;1;380.5;5;9.95;1;130
348;36;-0.2399;0;0;0;1;1;0;1;1;0;0;0;0;0;0;0;0;26.1;0;25.9;2;6.18;1;15
349;21;-0.9025;0;0;0;1;1;0;1;1;0;0;0;0;1;0;0;1;23.8;0;5.6;4;4.84;0;8
350;47;0.246;0;0;0;0;0;0;0;0;0;1;1;0;2;1;0;1;33.6;1;430.8;4;7.94;1;25
351;43;0.0693;1;1;0;0;0;0;0;0;0;1;1;0;0;0;0;0;34.1;1;153.8;4;6.29;1;34
352;62;0.9086;0;0;0;0;0;0;0;0;0;0;0;0;0;1;0;1;24.0;1;787.1;1;3.12;0;52
353;24;-0.77;1;1;0;0;0;0;0;0;0;0;0;0;1;1;1;0;18.0;1;237.5;5;9.23;0;35
354;37;-0.1958;1;1;0;0;0;0;0;0;0;1;1;0;2;0;0;1;32.0;1;105.0;1;4.85;0;11
355;17;-10.792;1;1;0;0;0;0;0;0;0;1;1;0;0;0;1;1;23.6;0;29.7;5;9.62;1;21
356;54;0.5552;0;0;0;0;0;0;0;0;0;1;1;0;0;1;1;0;31.0;0;12.9;5;13.4;1;69
357;49;0.3343;1;1;0;0;0;0;1;1;0;1;1;0;0;0;1;1;18.0;1;361.4;4;8.06;0;56
358;48;0.2901;1;1;0;0;0;0;0;0;0;0;0;0;0;1;1;0;31.5;0;34.9;4;7.9;1;41
359;37;-0.1958;1;1;0;1;1;0;1;0;1;1;1;0;1;1;1;1;20.9;1;638.8;4;9.79;1;86
360;46;0.2018;0;0;0;1;1;0;0;0;0;0;0;0;1;1;0;0;30.7;1;196.8;4;6.58;0;32
361;88;20.571;0;0;0;0;0;0;1;1;0;1;1;0;1;0;1;1;27.1;0;45.1;5;6.72;1;49
362;31;-0.4608;1;1;0;1;1;0;1;1;0;1;1;0;1;1;0;0;22.2;0;31.0;5;11.38;1;34
363;39;-0.1074;0;0;0;1;1;0;0;0;0;1;1;0;0;0;1;0;25.0;1;364.2;3;5.55;1;26
364;20;-0.9467;0;0;0;1;1;0;0;0;0;0;0;0;2;1;1;0;30.4;0;27.5;4;11.21;1;31
365;23;-0.8142;0;0;0;0;0;0;0;0;0;0;0;0;1;1;1;1;27.5;1;242.5;5;6.66;0;40
366;39;-0.1074;1;1;0;0;0;0;0;0;0;0;0;0;2;0;1;1;29.9;0;9.0;5;4.79;0;22
367;67;11.295;0;0;0;1;1;0;1;1;0;1;1;0;1;1;0;1;36.9;1;434.7;4;7.42;0;113
368;32;-0.4166;1;1;0;1;1;0;1;1;0;1;1;0;0;1;1;1;19.2;0;20.3;4;13.42;1;40
369;32;-0.4166;0;0;0;1;1;0;0;0;0;1;1;0;1;0;0;0;35.1;1;497.0;3;5.6;1;19
370;29;-0.5492;1;1;0;1;1;0;0;0;0;1;0;1;0;0;1;0;27.5;0;23.3;5;7.69;1;4
371;27;-0.6375;1;1;0;0;0;0;0;0;0;0;0;0;1;0;0;0;22.5;1;376.4;2;2.75;0;31
372;43;0.0693;1;1;0;0;0;0;0;0;0;1;1;0;0;0;0;0;20.3;0;37.2;4;5.53;0;12
373;16;-11.234;0;0;0;0;0;0;1;1;0;0;0;0;0;0;0;0;26.1;1;308.8;3;5.38;1;15
374;74;14.387;1;0;1;0;0;0;0;0;0;1;1;0;2;1;1;0;31.6;1;91.0;3;8.86;1;64
375;25;-0.7258;0;0;0;1;1;0;0;0;0;1;1;0;0;0;1;0;26.4;0;36.4;4;9.99;0;30
376;54;0.5552;1;1;0;0;0;0;0;0;0;1;1;0;2;0;1;0;34.6;0;45.5;5;8.57;1;18
377;18;-10.351;0;0;0;0;0;0;0;0;0;1;1;0;0;1;0;0;19.7;0;40.6;2;11.94;1;30
378;53;0.511;0;0;0;1;1;0;1;1;0;0;0;0;1;0;1;0;26.9;1;50.2;4;5.53;0;85
379;53;0.511;0;0;0;0;0;0;0;0;0;0;0;0;1;1;1;1;20.7;1;736.3;2;6.41;0;41
380;45;0.1576;0;0;0;1;0;0;1;1;0;1;1;0;1;0;0;1;28.8;0;47.6;3;9.67;1;18
381;21;-0.9025;0;0;0;1;1;0;1;1;0;1;1;0;0;0;1;1;31.4;0;18.3;4;12.72;0;74
382;42;0.0251;1;1;0;0;0;0;0;0;0;0;0;0;0;1;0;0;24.9;0;5.1;4;5.9;0;25
383;19;-0.9909;0;0;0;0;0;0;0;0;0;0;0;0;0;1;1;0;18.0;1;140.3;3;9.46;0;36
384;32;-0.4166;1;1;0;0;0;0;1;1;0;0;0;0;0;1;1;1;28.0;0;14.8;3;10.77;1;64
385;64;0.9969;0;0;0;0;0;0;1;1;0;1;1;0;1;1;0;0;29.2;1;593.0;2;8.24;1;50
386;57;0.6877;0;0;0;0;0;0;1;1;0;1;1;0;2;1;1;0;29.0;0;33.5;3;9.26;0;143
387;37;-0.1958;1;1;0;0;0;0;0;0;0;0;0;0;2;0;0;0;33.2;1;372.9;5;1.94;0;7
388;21;-0.9025;1;0;0;1;1;0;1;1;0;0;0;0;2;0;1;0;21.6;0;5.7;5;7.5;1;80
389;52;0.4668;1;1;0;0;0;0;0;0;0;1;1;0;2;1;1;0;30.4;0;37.8;3;8.74;0;81
390;37;-0.1958;0;0;0;1;1;0;1;1;0;0;0;0;1;1;0;0;33.0;1;311.6;4;8.52;1;35
391;10;-13.885;0;0;0;0;0;0;1;1;0;0;0;0;0;1;0;1;18.1;1;331.1;5;6.58;0;54
392;56;0.6435;0;0;0;0;0;0;0;0;0;1;1;0;2;0;0;0;28.6;1;516.0;1;2.48;0;31
393;36;-0.2399;0;0;0;1;1;0;1;0;0;1;1;0;1;0;1;0;24.5;0;20.4;5;6.44;0;36
394;71;13.061;0;0;0;0;0;0;0;0;0;1;1;0;1;1;0;1;26.6;0;11.1;5;9.13;1;37
395;20;-0.9467;1;0;0;0;0;0;1;1;0;1;1;0;0;0;1;0;28.7;1;76.7;2;10.33;1;92
396;8;-14.768;1;1;0;1;1;0;0;0;0;0;0;0;1;1;1;0;24.6;0;42.4;3;10.05;0;27
397;43;0.0693;0;0;0;1;1;0;1;1;0;1;1;0;1;1;0;1;23.6;0;46.3;5;9.54;0;42
398;43;0.0693;0;0;0;1;1;0;0;0;0;0;0;0;2;0;1;0;27.2;0;34.2;4;7.45;0;10
399;14;-12.118;0;0;0;0;0;0;1;0;1;0;0;0;1;1;0;0;21.6;0;9.7;1;9.73;1;33
400;21;-0.9025;1;0;1;0;0;0;0;0;0;1;1;0;1;1;1;0;21.6;1;79.2;3;9.83;0;87
401;167;55.468;1;1;0;1;1;0;0;0;0;1;1;0;2;0;1;0;30.4;0;37.8;4;3.86;1;61
402;31;-0.4608;1;1;0;1;0;0;0;0;0;0;0;0;0;1;1;0;21.3;0;40.1;4;8.07;0;58
403;55;0.5994;1;1;0;0;0;0;1;1;0;0;0;0;1;0;0;1;30.3;0;10.3;5;3.78;0;9
404;26;-0.6817;1;0;1;1;0;1;0;0;0;0;0;0;0;1;0;0;29.3;0;5.0;5;8.91;0;32
405;12;-13.001;0;0;0;0;0;0;1;1;0;1;1;0;1;0;0;0;18.4;0;37.0;3;6.88;1;17
406;33;-0.3725;1;1;0;0;0;0;0;0;0;1;1;0;2;1;0;0;23.6;0;21.0;4;8.66;1;58
407;32;-0.4166;0;0;0;0;0;0;1;1;0;0;0;0;0;0;0;0;33.0;0;16.5;4;6.24;0;5
408;29;-0.5492;1;1;0;0;0;0;0;0;0;0;0;0;2;0;0;0;22.1;1;699.5;4;1.71;0;25
409;34;-0.3283;0;0;0;0;0;0;0;0;0;1;1;0;0;1;1;0;24.7;0;29.3;3;9.77;1;69
410;42;0.0251;1;1;0;0;0;0;0;0;0;0;0;0;2;0;1;0;29.3;0;43.3;5;8.57;0;18
411;34;-0.3283;1;1;0;0;0;0;0;0;0;1;1;0;2;0;1;0;30.9;1;395.6;5;7.54;1;86
412;18;-10.351;1;1;0;1;1;0;0;0;0;0;0;0;2;1;0;0;25.7;1;791.6;4;8.9;1;34
413;48;0.2901;0;0;0;1;1;0;0;0;0;0;0;0;0;1;0;0;24.0;0;28.2;4;9.44;0;28
414;13;-12.559;0;0;0;1;0;0;1;0;1;1;1;0;2;1;1;1;34.1;0;8.8;3;9.67;1;37
415;12;-13.001;1;1;0;1;1;0;1;0;1;0;0;0;1;1;0;0;35.7;0;29.7;4;10.59;0;19
416;55;0.5994;1;0;0;0;0;0;1;1;0;1;1;0;0;0;0;0;31.9;1;236.5;4;6.05;1;47
417;48;0.2901;0;0;0;0;0;0;0;0;0;1;1;0;2;0;1;0;27.4;1;453.8;4;6.1;1;39
418;35;-0.2841;1;1;0;1;1;0;1;1;0;1;1;0;0;0;0;1;23.0;1;794.1;5;7.01;0;45
419;17;-10.792;1;1;0;0;0;0;0;0;0;1;1;0;2;1;0;0;22.8;0;15.8;4;4.68;0;4
420;25;-0.7258;0;0;0;0;0;0;1;1;0;1;1;0;0;1;1;1;29.6;1;123.0;4;13.04;1;175
421;32;-0.4166;0;0;0;0;0;0;0;0;0;0;0;0;1;1;0;1;29.1;0;19.2;5;8.14;1;19
422;15;-11.676;1;1;0;1;1;0;0;0;0;0;0;0;1;1;1;1;34.0;0;9.3;3;10.48;1;20
423;24;-0.77;1;1;0;0;0;0;0;0;0;1;0;0;0;0;0;0;30.3;0;13.0;4;6.24;0;17
424;52;0.4668;0;0;0;1;1;0;1;1;0;0;0;0;0;0;0;0;19.5;1;352.6;3;5.57;1;8
425;80;17.037;1;0;1;0;0;0;0;0;0;0;0;0;0;0;0;1;32.3;0;25.0;4;3.7;0;27
426;29;-0.5492;1;1;0;1;1;0;1;1;0;0;0;0;1;1;1;1;22.0;1;664.2;5;10.09;0;92
427;55;0.5994;0;0;0;1;0;1;0;0;0;0;0;0;0;0;0;1;25.1;0;44.3;4;3.37;1;11
428;13;-12.559;0;0;0;1;1;0;1;1;0;1;1;0;1;1;0;0;28.3;0;49.8;5;11.31;0;21
429;53;0.511;1;1;0;0;0;0;1;1;0;1;1;0;0;0;1;0;37.0;0;31.2;4;10.34;1;47
430;24;-0.77;0;0;0;0;0;0;0;0;0;0;0;0;0;0;0;0;42.5;0;41.6;3;5.9;0;16
431;43;0.0693;0;0;0;1;1;0;0;0;0;1;1;0;1;0;1;1;30.0;1;230.9;5;7.38;1;62
432;32;-0.4166;1;1;0;0;0;0;1;0;1;1;1;0;0;1;0;0;26.1;0;18.8;3;8.28;0;62
433;76;1.527;0;0;0;0;0;0;0;0;0;1;1;0;2;1;1;0;29.7;1;101.1;3;5.95;1;145
434;23;-0.8142;1;0;1;0;0;0;0;0;0;1;1;0;2;0;1;1;31.4;1;190.3;4;6.48;1;30
435;52;0.4668;1;1;0;1;1;0;1;1;0;1;1;0;1;0;1;0;25.4;1;466.7;3;8.49;0;33
436;31;-0.4608;0;0;0;0;0;0;1;1;0;1;1;0;1;1;0;1;36.0;0;19.2;1;6.49;0;35
437;34;-0.3283;1;1;0;1;1;0;0;0;0;1;1;0;2;0;1;0;28.2;0;11.0;4;9.09;1;17
438;33;-0.3725;1;1;0;0;0;0;1;1;0;0;0;0;0;1;0;0;29.5;0;33.5;4;8.62;0;70
439;23;-0.8142;1;1;0;0;0;0;0;0;0;0;0;0;0;1;1;0;30.3;1;706.9;4;8.68;0;101
440;36;-0.2399;1;1;0;1;1;0;0;0;0;1;1;0;0;0;1;1;29.1;1;729.0;5;6.07;0;97
441;35;-0.2841;0;0;0;0;0;0;1;1;0;1;1;0;2;0;1;0;31.2;0;36.2;4;7.44;1;48
442;42;0.0251;0;0;0;0;0;0;0;0;0;1;1;0;0;1;0;0;23.9;1;297.6;5;9.44;1;57
443;38;-0.1516;0;0;0;1;1;0;0;0;0;1;1;0;1;0;1;1;24.2;0;38.9;2;8.22;1;8
444;57;0.6877;1;0;1;1;1;0;1;0;1;1;1;0;2;0;0;0;21.5;1;765.1;4;3.81;1;77
445;61;0.8644;1;1;0;0;0;0;1;1;0;1;1;0;2;1;0;0;29.2;0;27.5;5;8.52;0;86
446;21;-0.9025;1;1;0;1;1;0;1;1;0;0;0;0;1;1;0;0;30.9;1;273.2;4;8.49;1;26
447;59;0.7761;1;1;0;1;1;0;1;1;0;1;1;0;0;1;1;0;29.3;0;32.9;4;13.01;1;225
448;19;-0.9909;1;0;1;1;1;0;1;1;0;1;1;0;2;1;1;0;35.4;1;290.3;4;10.35;0;135
449;51;0.4227;0;0;0;0;0;0;0;0;0;1;1;0;1;0;0;0;27.0;1;173.2;2;5.66;0;22
450;51;0.4227;0;0;0;0;0;0;0;0;0;0;0;0;0;0;1;0;30.3;1;637.4;4;7.17;0;82
451;13;-12.559;0;0;0;1;0;1;1;1;0;0;0;0;0;1;0;0;21.5;0;24.9;4;10.49;0;64
452;39;-0.1074;1;1;0;1;1;0;0;0;0;0;0;0;2;1;1;1;25.1;0;32.8;5;9.24;0;49
453;28;-0.5933;0;0;0;0;0;0;1;1;0;1;1;0;1;0;0;0;30.5;0;43.2;3;8.3;0;18
454;24;-0.77;1;0;0;0;0;0;1;1;0;1;1;0;2;1;0;0;31.2;0;13.8;5;10.1;1;47
455;77;15.712;1;1;0;0;0;0;0;0;0;1;1;0;2;0;0;0;25.5;0;10.6;5;6.44;1;19
456;26;-0.6817;0;0;0;0;0;0;1;0;0;0;0;0;1;0;1;0;26.6;1;192.6;3;6.69;0;31
457;23;-0.8142;0;0;0;0;0;0;0;0;0;1;1;0;1;0;0;0;19.4;0;9.9;3;5.18;1;10
458;38;-0.1516;1;1;0;0;0;0;0;0;0;0;0;0;1;0;1;0;25.2;0;26.5;5;5.47;0;12
459;53;0.511;1;1;0;1;1;0;1;1;0;0;0;0;0;0;1;1;31.5;0;31.4;5;7.71;1;36
460;34;-0.3283;1;1;0;0;0;0;0;0;0;0;0;0;1;0;0;0;29.9;0;29.4;4;6.52;0;7
461;70;1.262;0;0;0;1;1;0;0;0;0;1;1;0;2;0;0;1;29.5;1;235.2;3;1.36;0;31
462;49;0.3343;1;1;0;0;0;0;0;0;0;0;0;0;1;1;0;1;27.2;0;7.6;4;7.41;1;19
463;11;-13.443;0;0;0;0;0;0;1;1;0;1;1;0;2;1;0;0;27.0;1;176.6;4;8.77;1;76
464;27;-0.6375;1;1;0;0;0;0;1;1;0;1;1;0;1;1;1;0;23.7;0;31.4;3;13.23;1;18
465;27;-0.6375;1;1;0;0;0;0;1;1;0;1;1;0;1;1;1;0;30.5;1;59.9;5;10.53;0;120
466;48;0.2901;1;1;0;1;1;0;1;1;0;0;0;0;1;0;0;1;29.1;1;433.8;2;2.23;1;16
467;9;-14.326;1;0;0;1;1;0;0;0;0;1;1;0;1;0;1;0;29.5;0;33.7;1;7.76;0;10
468;149;47.517;1;1;0;0;0;0;1;1;0;1;1;0;1;1;1;0;24.4;1;751.1;4;5.25;0;266
469;49;0.3343;0;0;0;0;0;0;1;1;0;1;1;0;0;0;1;0;18.0;0;6.9;4;8.91;0;18
470;40;-0.0632;0;0;0;0;0;0;0;0;0;0;0;0;1;1;1;1;32.5;1;664.7;3;6.9;1;66
471;70;1.262;0;0;0;1;1;0;0;0;0;0;0;0;0;0;1;1;24.6;0;36.0;4;5.57;0;26
472;133;40.449;0;0;0;1;1;0;1;1;0;0;0;0;1;1;1;0;22.7;1;199.4;3;8.55;1;226
473;59;0.7761;0;0;0;0;0;0;1;0;1;1;1;0;1;0;1;1;30.5;1;263.1;3;3.7;0;85
474;62;0.9086;0;0;0;1;1;0;1;1;0;1;1;0;1;1;1;0;25.0;1;266.7;3;11.56;1;171
475;39;-0.1074;0;0;0;1;0;0;1;1;0;0;0;0;2;1;0;0;32.3;1;332.8;5;8.02;1;67
476;34;-0.3283;1;1;0;0;0;0;0;0;0;1;1;0;1;1;1;1;30.1;0;41.4;4;11.61;0;38
477;28;-0.5933;1;0;1;0;0;0;1;0;0;0;0;0;1;0;1;0;30.4;0;31.2;4;6.14;1;17
478;23;-0.8142;1;1;0;1;1;0;0;0;0;0;0;0;1;1;0;0;20.2;0;37.9;4;8.93;1;8
479;25;-0.7258;1;1;0;1;1;0;0;0;0;1;1;0;1;1;1;0;33.1;0;21.4;5;9.85;0;22
480;17;-10.792;1;1;0;0;0;0;1;1;0;1;0;0;0;1;0;1;28.3;1;175.7;3;9.04;0;118
481;35;-0.2841;0;0;0;0;0;0;0;0;0;0;0;0;0;1;0;1;25.2;0;26.0;4;8.03;0;13
482;14;-12.118;1;0;1;0;0;0;1;1;0;1;1;0;0;1;1;0;27.7;1;427.5;4;10.81;1;119
483;41;-0.0191;1;1;0;0;0;0;0;0;0;1;1;0;1;0;1;1;18.1;1;647.3;4;4.46;0;74
484;36;-0.2399;0;0;0;1;1;0;0;0;0;0;0;0;0;1;0;0;29.0;1;604.6;2;3.66;1;40
485;40;-0.0632;1;1;0;0;0;0;0;0;0;1;1;0;0;1;0;0;21.9;0;21.1;4;8.14;0;35
486;27;-0.6375;1;1;0;1;1;0;0;0;0;0;0;0;0;1;1;0;20.2;1;166.8;2;10.72;0;77
487;199;69.604;1;1;0;1;1;0;0;0;0;1;1;0;2;0;0;0;19.4;1;460.3;4;0.3;1;51
488;77;15.712;1;1;0;0;0;0;0;0;0;0;0;0;0;0;1;0;32.6;0;19.2;5;6.62;1;32
489;18;-10.351;1;1;0;0;0;0;1;1;0;1;1;0;1;1;0;1;23.9;1;333.0;3;9.06;0;49
490;42;0.0251;0;0;0;0;0;0;0;0;0;1;1;0;0;1;1;0;34.7;1;360.1;5;12.41;1;227
491;26;-0.6817;0;0;0;1;1;0;0;0;0;0;0;0;1;0;0;0;24.3;0;36.6;1;7.4;1;18
492;21;-0.9025;1;0;1;0;0;0;1;0;0;0;0;0;0;1;0;0;18.5;0;19.9;5;7.58;1;24
493;18;-10.351;1;1;0;1;1;0;1;1;0;1;1;0;0;0;0;0;21.4;0;35.4;4;6.56;1;9
494;46;0.2018;1;1;0;1;1;0;0;0;0;1;1;0;1;0;1;1;33.2;0;22.8;3;11.4;0;9
495;25;-0.7258;0;0;0;0;0;0;1;1;0;0;0;0;0;0;1;0;26.2;0;39.0;2;11.89;1;17
496;62;0.9086;1;1;0;1;0;1;1;1;0;1;1;0;0;0;1;0;24.3;0;25.4;5;9.72;1;65
497;63;0.9528;1;1;0;1;1;0;0;0;0;0;0;0;0;1;1;1;27.8;0;23.6;2;7.73;0;21
498;78;16.154;0;0;0;0;0;0;0;0;0;0;0;0;0;0;1;0;29.5;0;47.1;3;7.9;1;28
499;23;-0.8142;1;1;0;0;0;0;1;0;0;0;0;0;0;1;0;0;32.6;1;760.8;3;6.86;1;84
500;48;0.2901;1;1;0;1;1;0;1;0;1;1;1;0;0;1;1;0;34.2;0;10.4;4;11.63;1;151
501;52;0.4668;1;1;0;1;1;0;1;1;0;1;1;0;2;1;1;0;25.2;1;622.6;4;10.83;0;100
502;28;-0.5933;0;0;0;0;0;0;0;0;0;0;0;0;1;1;0;1;20.4;0;48.6;2;7.6;0;8
503;24;-0.77;0;0;0;0;0;0;0;0;0;1;1;0;1;0;0;1;24.9;0;22.0;3;4.62;1;40
504;89;21.013;0;0;0;0;0;0;1;0;0;1;1;0;0;1;0;0;28.3;0;7.8;3;7.7;0;93
505;41;-0.0191;1;1;0;1;1;0;0;0;0;1;1;0;2;1;0;1;22.2;0;20.3;3;9.26;0;26
506;52;0.4668;0;0;0;0;0;0;0;0;0;1;1;0;1;0;1;0;22.2;0;27.8;4;8.49;1;40
507;23;-0.8142;0;0;0;0;0;0;1;0;0;1;1;0;0;1;1;0;28.7;1;520.8;4;10.62;1;126
508;19;-0.9909;0;0;0;1;1;0;0;0;0;1;1;0;1;1;0;0;26.8;0;34.6;3;11.02;0;39
509;27;-0.6375;1;1;0;0;0;0;1;1;0;0;0;0;0;1;0;0;27.2;1;159.5;4;7.44;1;63
510;34;-0.3283;0;0;0;0;0;0;1;1;0;1;1;0;0;1;1;0;23.2;1;753.5;4;11.11;1;161
511;20;-0.9467;1;1;0;0;0;0;0;0;0;1;1;0;1;1;0;0;25.8;0;21.0;5;4.64;1;20
512;36;-0.2399;1;1;0;1;0;0;1;1;0;1;1;0;2;0;1;1;22.4;0;23.0;5;7.81;1;22
513;14;-12.118;0;0;0;0;0;0;0;0;0;1;1;0;1;1;1;0;31.5;1;519.1;5;10.8;1;175
514;20;-0.9467;1;1;0;1;1;0;1;1;0;1;1;0;1;1;1;0;32.2;0;44.7;3;11.84;0;30
515;53;0.511;0;0;0;1;1;0;0;0;0;0;0;0;2;0;0;0;18.0;0;23.7;2;3.82;0;5
516;51;0.4227;1;1;0;0;0;0;0;0;0;0;0;0;0;0;0;0;22.4;1;301.1;3;2.41;1;21
517;30;-0.505;1;1;0;0;0;0;1;1;0;1;1;0;0;0;1;0;19.5;0;34.7;3;11.43;1;24
518;21;-0.9025;0;0;0;0;0;0;0;0;0;1;1;0;1;1;0;0;23.7;1;526.7;4;8.37;1;41
519;21;-0.9025;0;0;0;0;0;0;1;1;0;1;1;0;1;1;1;1;26.6;1;317.0;5;11.3;1;162
520;30;-0.505;1;0;1;1;1;0;0;0;0;0;0;0;1;0;1;0;19.8;0;7.8;5;5.39;0;20
521;52;0.4668;1;1;0;1;1;0;0;0;0;0;0;0;2;1;0;0;22.4;0;41.6;5;7.1;0;25
522;61;0.8644;0;0;0;0;0;0;0;0;0;0;0;0;1;0;0;0;22.0;0;47.3;4;4.05;0;8
523;28;-0.5933;1;1;0;0;0;0;0;0;0;1;1;0;1;1;0;0;28.0;0;34.2;4;8.62;1;19
524;19;-0.9909;0;0;0;0;0;0;0;0;0;0;0;0;0;1;0;0;27.3;0;48.0;3;7.85;0;30
525;42;0.0251;0;0;0;1;1;0;1;1;0;1;1;0;2;1;0;1;23.4;1;197.5;2;6.98;1;32
526;23;-0.8142;1;1;0;0;0;0;1;1;0;1;1;0;2;0;0;0;27.9;0;26.5;4;8.34;1;17
527;28;-0.5933;1;1;0;0;0;0;1;0;0;0;0;0;2;0;1;0;24.3;0;32.1;1;3.52;0;10
528;76;1.527;1;1;0;0;0;0;1;1;0;0;0;0;0;0;1;0;25.6;1;532.1;4;8.53;0;162
529;58;0.7319;0;0;0;0;0;0;0;0;0;1;1;0;1;0;1;0;35.4;1;500.7;3;6.56;0;24
530;40;-0.0632;1;1;0;0;0;0;1;1;0;1;1;0;0;1;1;0;33.7;1;572.1;4;10.64;1;151
531;18;-10.351;1;1;0;0;0;0;0;0;0;1;0;0;0;1;0;1;20.5;0;10.7;5;9.99;1;13
532;41;-0.0191;1;1;0;0;0;0;1;1;0;1;1;0;0;1;1;0;31.1;1;668.0;3;8.5;0;104
533;66;10.853;0;0;0;1;1;0;0;0;0;1;1;0;1;1;1;1;31.1;0;12.3;5;9.32;1;155
534;30;-0.505;1;1;0;0;0;0;1;1;0;0;0;0;1;1;1;0;21.3;0;38.0;3;10.05;0;78
535;77;15.712;1;1;0;0;0;0;1;1;0;0;0;0;0;1;0;1;31.1;0;14.4;4;9.83;0;22
536;75;14.828;0;0;0;0;0;0;1;1;0;0;0;0;1;1;1;0;34.7;1;185.1;4;7.51;0;263
537;91;21.896;0;0;0;0;0;0;1;1;0;0;0;0;1;1;0;1;21.4;0;29.9;4;7.28;0;68
538;43;0.0693;0;0;0;0;0;0;1;1;0;1;1;0;0;0;1;0;22.4;0;31.8;5;9.13;0;32
539;51;0.4227;1;0;0;0;0;0;1;0;1;0;0;0;0;0;1;1;32.1;0;44.2;3;7.65;0;27
540;80;17.037;1;0;1;0;0;0;0;0;0;0;0;0;1;0;0;0;28.4;0;31.0;4;6.29;0;19
541;47;0.246;0;0;0;0;0;0;0;0;0;1;1;0;2;1;0;0;29.8;1;69.0;4;7.81;1;120
542;28;-0.5933;1;1;0;0;0;0;0;0;0;1;1;0;0;1;1;0;28.7;1;567.5;5;10.14;0;72
543;29;-0.5492;0;0;0;0;0;0;0;0;0;1;1;0;0;0;0;1;29.0;1;287.1;3;6.4;1;33
544;42;0.0251;0;0;0;1;1;0;0;0;0;0;0;0;0;1;0;0;20.4;0;8.6;5;9.79;1;13
545;18;-10.351;1;1;0;0;0;0;0;0;0;0;0;0;2;1;1;1;32.2;0;30.5;4;9.69;0;16
546;34;-0.3283;0;0;0;0;0;0;0;0;0;1;0;0;1;0;0;0;32.8;0;45.9;3;6.57;0;20
547;67;11.295;0;0;0;0;0;0;1;0;0;0;0;0;1;0;0;0;25.9;0;22.8;4;5.83;0;9
548;11;-13.443;1;1;0;0;0;0;1;1;0;1;1;0;0;1;0;0;26.8;0;18.3;3;10.95;0;40
549;85;19.246;0;0;0;0;0;0;0;0;0;0;0;0;1;1;0;1;19.3;1;160.4;4;5.2;0;19
550;68;11.736;1;1;0;0;0;0;0;0;0;1;1;0;0;1;0;1;29.6;0;11.8;5;8.16;0;36
551;28;-0.5933;1;0;1;1;1;0;0;0;0;1;1;0;1;1;0;1;29.9;0;24.5;4;8.02;1;18
552;49;0.3343;1;1;0;0;0;0;0;0;0;1;1;0;2;1;0;0;26.7;0;31.8;4;7.58;0;24
553;37;-0.1958;0;0;0;0;0;0;1;1;0;0;0;0;1;1;0;0;32.6;0;8.6;4;8.27;0;44
554;72;13.503;0;0;0;1;1;0;0;0;0;1;1;0;2;1;0;1;25.3;0;47.3;2;5.04;1;41
555;63;0.9528;1;0;1;1;1;0;1;1;0;0;0;0;1;1;0;0;29.8;1;142.4;3;7.75;0;101
556;17;-10.792;1;1;0;0;0;0;1;0;0;1;1;0;0;0;0;1;21.9;1;280.8;4;2.03;0;61
557;51;0.4227;0;0;0;0;0;0;1;1;0;0;0;0;2;0;1;1;26.9;1;744.5;3;8.67;1;33
558;33;-0.3725;1;1;0;0;0;0;0;0;0;0;0;0;0;0;0;1;26.1;0;8.6;3;7.75;0;10
559;38;-0.1516;0;0;0;0;0;0;1;1;0;1;0;0;1;1;0;1;28.1;0;26.5;4;7.69;0;20
560;25;-0.7258;1;1;0;0;0;0;0;0;0;1;1;0;0;1;1;0;25.2;0;33.4;3;11.67;1;62
561;96;24.105;1;1;0;0;0;0;0;0;0;0;0;0;0;1;0;0;26.3;0;42.3;3;7.1;0;33
562;65;10.411;1;1;0;1;1;0;0;0;0;0;0;0;1;0;1;1;31.1;1;460.0;4;4.01;1;32
563;24;-0.77;0;0;0;0;0;0;0;0;0;0;0;0;0;0;1;0;24.8;0;17.5;2;8.11;0;14
564;18;-10.351;1;1;0;0;0;0;0;0;0;1;1;0;1;0;0;1;19.0;0;47.3;5;6.52;1;8
565;30;-0.505;0;0;0;0;0;0;0;0;0;1;1;0;1;0;1;1;35.7;0;10.6;5;8.07;1;34
566;46;0.2018;1;1;0;1;0;0;1;1;0;0;0;0;0;1;0;0;33.9;0;44.4;4;9.29;0;58
567;42;0.0251;1;1;0;0;0;0;1;1;0;1;1;0;0;0;0;1;20.5;1;174.7;2;4.03;1;54
568;73;13.945;1;1;0;0;0;0;0;0;0;1;1;0;1;0;1;0;30.4;0;13.0;5;7.42;1;37
569;57;0.6877;0;0;0;0;0;0;0;0;0;1;1;0;0;1;1;0;24.5;0;37.5;5;11.32;0;67
570;62;0.9086;0;0;0;0;0;0;1;1;0;0;0;0;1;0;1;0;28.3;0;6.8;5;7.44;0;35
571;44;0.1135;1;1;0;0;0;0;0;0;0;0;0;0;1;0;0;0;28.5;0;23.2;2;4.31;0;5
572;17;-10.792;1;0;0;0;0;0;1;1;0;1;1;0;2;1;0;0;25.8;1;304.1;4;9.7;1;127
573;33;-0.3725;1;1;0;0;0;0;1;1;0;1;0;0;1;0;0;0;23.1;1;764.0;5;4.13;1;4
574;66;10.853;1;0;0;0;0;0;0;0;0;1;1;0;1;1;1;1;23.5;1;603.4;4;8.23;1;102
575;36;-0.2399;1;1;0;0;0;0;0;0;0;1;1;0;1;1;0;1;22.4;1;498.1;4;8.72;1;81
576;48;0.2901;0;0;0;1;1;0;0;0;0;1;1;0;0;1;1;0;22.8;0;26.7;4;11.67;1;35
577;31;-0.4608;0;0;0;0;0;0;0;0;0;0;0;0;0;0;0;0;26.7;1;87.2;4;4.84;0;18
578;21;-0.9025;1;1;0;0;0;0;0;0;0;1;0;0;2;1;1;1;23.4;0;47.8;1;8.35;1;12
579;34;-0.3283;1;0;1;0;0;0;1;1;0;1;1;0;1;0;0;0;30.4;0;6.0;4;9.09;0;12
580;43;0.0693;0;0;0;0;0;0;0;0;0;0;0;0;2;0;1;0;34.4;1;220.2;2;3.98;0;34
581;26;-0.6817;0;0;0;1;0;1;0;0;0;1;1;0;2;0;0;0;24.1;0;8.9;4;7.97;1;12
582;32;-0.4166;1;0;1;0;0;0;1;0;1;0;0;0;2;1;1;0;28.2;1;739.4;3;7.02;0;31
583;22;-0.8584;1;1;0;0;0;0;0;0;0;1;1;0;2;0;0;0;29.5;0;17.6;4;5.07;0;5
584;68;11.736;1;1;0;0;0;0;0;0;0;1;1;0;1;0;0;1;29.4;1;306.6;2;4.33;1;38
585;31;-0.4608;1;1;0;1;1;0;0;0;0;0;0;0;0;1;1;0;27.4;1;771.2;4;8.91;1;107
586;81;17.479;1;0;0;1;1;0;0;0;0;0;0;0;1;0;0;0;30.7;1;383.6;5;3.92;1;53
587;85;19.246;1;1;0;0;0;0;1;1;0;1;1;0;0;0;0;0;29.4;1;416.8;3;1.34;0;118
588;35;-0.2841;0;0;0;0;0;0;0;0;0;0;0;0;1;0;1;0;20.8;1;313.7;2;5.06;0;22
589;21;-0.9025;1;1;0;0;0;0;1;1;0;0;0;0;1;0;1;1;31.3;0;32.0;2;6.98;0;48
590;12;-13.001;1;0;0;0;0;0;0;0;0;1;1;0;1;0;0;1;31.4;0;45.6;5;5.39;1;9
591;16;-11.234;1;1;0;1;1;0;0;0;0;1;1;0;0;0;1;1;23.2;0;22.2;4;9.16;1;13
592;17;-10.792;0;0;0;0;0;0;0;0;0;0;0;0;0;1;0;0;27.2;1;658.9;4;6.5;0;35
593;78;16.154;0;0;0;0;0;0;1;1;0;1;1;0;1;0;1;1;30.4;0;24.9;2;7.34;0;6
594;39;-0.1074;1;0;0;1;1;0;0;0;0;0;0;0;0;0;0;1;26.0;1;375.3;4;2.71;1;51
595;45;0.1576;1;0;1;1;1;0;0;0;0;0;0;0;2;1;1;1;32.4;0;41.9;5;9.45;0;69
596;11;-13.443;0;0;0;0;0;0;1;1;0;0;0;0;0;0;0;0;38.8;0;42.2;5;9.62;0;8
597;19;-0.9909;1;1;0;1;1;0;0;0;0;1;0;1;0;1;0;0;23.1;1;645.5;4;8.25;1;40
598;60;0.8202;1;1;0;0;0;0;0;0;0;1;1;0;0;0;0;0;20.1;0;20.9;2;7.52;0;19
599;43;0.0693;1;1;0;1;1;0;1;1;0;0;0;0;1;0;0;1;28.5;0;41.0;2;7.37;0;6
600;34;-0.3283;1;0;1;1;1;0;0;0;0;1;1;0;1;0;1;0;30.6;0;30.0;1;10.17;0;7
